<?xml version="1.0" encoding="utf-8" ?>
<Syntax name="VHDL">
  <AdvancedHighlightRule name="Orange Numbers">
    <Expression>\b([0-9]+)\b</Expression>
    <IgnoreCase>false</IgnoreCase>
    <Foreground>#F68A1B</Foreground>
    <FontWeight>Normal</FontWeight>
    <FontStyle>Normal</FontStyle>
  </AdvancedHighlightRule>

  <AdvancedHighlightRule name="Green">
    <Expression>\b(__init__|update|splitlines|range|print|input|len|Vector|Color|Sprite)\b</Expression>
    <IgnoreCase>false</IgnoreCase>
    <Foreground>#0080A0</Foreground>
    <FontWeight>Bold</FontWeight>
    <FontStyle>Normal</FontStyle>
  </AdvancedHighlightRule>

  <AdvancedHighlightRule name="Light Blue">
    <Expression>\b(dict|message\.show|random\.randint|sound\.play|sound\.stop|\.(collide|move|position(\.x|\.y)?|remove|items|pop|clear|copy|length|angle|image|text|add|start|background|stop|flip|size|color|pen(\.size|\.color|\.on|)))\b</Expression>
    <IgnoreCase>false</IgnoreCase>
    <Foreground>#0040F0</Foreground>
    <FontWeight>Normal</FontWeight>
    <FontStyle>Normal</FontStyle>
  </AdvancedHighlightRule>

  <AdvancedHighlightRule name="Light Blues">
    <Expression>(\.length|\.split|\.angle)\b</Expression>
    <IgnoreCase>false</IgnoreCase>
    <Foreground>#0040F0</Foreground>
    <FontWeight>Normal</FontWeight>
    <FontStyle>Normal</FontStyle>
  </AdvancedHighlightRule>

  <AdvancedHighlightRule name="Blue">
    <Expression>\b(\.?self|False|class|finally|\.upper|\.lower|is|return|None|continue|for|lambda|try|math\.max|math\.min|math\.sin|math\.cos|math\.sqrt|math\.pow|math\.pi|\.x|\.y|True|def|from|nonlocal|while|and|del|global|not|with|as|elif|if|or|yield|assert|else|import|pass|break|except|in|raise|str|int|float|union|intersection|difference|symmetric_difference|set|remove|list|join|capitalize|count|__str__|replace|isupper|islower|any|all|__int__|__dict__|__add__|__sub__)\b</Expression>
    <IgnoreCase>false</IgnoreCase>
    <Foreground>#0080FF</Foreground>
    <FontWeight>Bold</FontWeight>
    <FontStyle>Normal</FontStyle>
  </AdvancedHighlightRule>

  <AdvancedHighlightRule name="Blue game">
    <Expression>\b(game(\.add|\.remove|\.background|\.start|\.mouse\.pressed|\.key|\.mouse|\.mouse\.position))\b</Expression>
    <IgnoreCase>false</IgnoreCase>
    <Foreground>#0080FF</Foreground>
    <FontWeight>Bold</FontWeight>
    <FontStyle>Normal</FontStyle>
  </AdvancedHighlightRule>

  <AdvancedHighlightRule name="Namespaces dark blue">
    <Expression>\b(\.insert|arrow|message|sound|random|math|abs|game|\.append)\b</Expression>
    <IgnoreCase>false</IgnoreCase>
    <Foreground>#0040A0</Foreground>
    <FontWeight>Bold</FontWeight>
    <FontStyle>Normal</FontStyle>
  </AdvancedHighlightRule>

  <AdvancedHighlightRule name="Black dots">
    <Expression>\.</Expression>
    <IgnoreCase>false</IgnoreCase>
    <Foreground>#000000</Foreground>
    <FontWeight>Normal</FontWeight>
    <FontStyle>Normal</FontStyle>
  </AdvancedHighlightRule>

  <AdvancedHighlightRule name="Pink Inside of print">
    <Expression>(["'])(?:(?=(\\?))\2.)*?\1</Expression>
    <IgnoreCase>false</IgnoreCase>
    <Foreground>#C60A4B</Foreground>
    <FontWeight>Normal</FontWeight>
    <FontStyle>Normal</FontStyle>
  </AdvancedHighlightRule>

  <AdvancedHighlightRule name="Green Comment">
    <Expression>\#(.*)</Expression>
    <IgnoreCase>false</IgnoreCase>
    <Foreground>#009933</Foreground>
    <FontWeight>Normal</FontWeight>
    <FontStyle>Normal</FontStyle>
  </AdvancedHighlightRule>
</Syntax>
